[
  {
    "username": "ecommerce_worker", 
    "first_name": "", 
    "last_name": "", 
    "is_active": true, 
    "email": "ecommerce_worker@fake.email", 
    "id": 1
  }, 
  {
    "username": "login_service_user", 
    "first_name": "", 
    "last_name": "", 
    "is_active": true, 
    "email": "login_service_user@fake.email", 
    "id": 2
  }, 
  {
    "username": "enterprise_worker", 
    "first_name": "", 
    "last_name": "", 
    "is_active": true, 
    "email": "enterprise_worker@example.com", 
    "id": 3
  }, 
  {
    "username": "veda_service_user", 
    "first_name": "", 
    "last_name": "", 
    "is_active": true, 
    "email": "veda_service_user@example.com", 
    "id": 4
  }, 
  {
    "username": "discovery_worker", 
    "first_name": "", 
    "last_name": "", 
    "is_active": true, 
    "email": "discovery_worker@example.com", 
    "id": 5
  }, 
  {
    "username": "insights_worker", 
    "first_name": "", 
    "last_name": "", 
    "is_active": true, 
    "email": "insights_worker@example.com", 
    "id": 6
  }, 
  {
    "username": "credentials_worker", 
    "first_name": "", 
    "last_name": "", 
    "is_active": true, 
    "email": "credentials_worker@example.com", 
    "id": 7
  }, 
  {
    "username": "honor", 
    "first_name": "", 
    "last_name": "", 
    "is_active": true, 
    "email": "honor@example.com", 
    "id": 8
  }, 
  {
    "username": "audit", 
    "first_name": "", 
    "last_name": "", 
    "is_active": true, 
    "email": "audit@example.com", 
    "id": 9
  }, 
  {
    "username": "verified", 
    "first_name": "", 
    "last_name": "", 
    "is_active": true, 
    "email": "verified@example.com", 
    "id": 10
  }, 
  {
    "username": "staff", 
    "first_name": "", 
    "last_name": "", 
    "is_active": true, 
    "email": "staff@example.com", 
    "id": 11
  }, 
  {
    "username": "Daniel_Jaramillo", 
    "first_name": "", 
    "last_name": "", 
    "is_active": true, 
    "email": "danieljm1085@gmail.com", 
    "id": 12
  }, 
  {
    "username": "juan", 
    "first_name": "", 
    "last_name": "", 
    "is_active": true, 
    "email": "juanibarra@unicauca.edu.co", 
    "id": 13
  }, 
  {
    "username": "est2", 
    "first_name": "", 
    "last_name": "", 
    "is_active": true, 
    "email": "est2@unicauca.edu.co", 
    "id": 31
  }, 
  {
    "username": "est3", 
    "first_name": "", 
    "last_name": "", 
    "is_active": true, 
    "email": "est3@unicauca.edu.co", 
    "id": 32
  }, 
  {
    "username": "est4", 
    "first_name": "", 
    "last_name": "", 
    "is_active": true, 
    "email": "est4@unicauca.edu.co", 
    "id": 33
  }, 
  {
    "username": "est5", 
    "first_name": "", 
    "last_name": "", 
    "is_active": true, 
    "email": "est5@unicauca.edu.co", 
    "id": 34
  }, 
  {
    "username": "est1", 
    "first_name": "", 
    "last_name": "", 
    "is_active": true, 
    "email": "est1@unicauca.edu.co", 
    "id": 35
  }, 
  {
    "username": "laura", 
    "first_name": "Laura", 
    "last_name": "Sanchez", 
    "is_active": true, 
    "email": "laura@unicauca.edu.co", 
    "id": 36
  }, 
  {
    "username": "andres", 
    "first_name": "Andres", 
    "last_name": "", 
    "is_active": true, 
    "email": "andres@unicauca.edu.co", 
    "id": 37
  }, 
  {
    "username": "andressau", 
    "first_name": "", 
    "last_name": "", 
    "is_active": true, 
    "email": "", 
    "id": 38
  }, 
  {
    "username": "andressauca", 
    "first_name": "Andres", 
    "last_name": "Sauca", 
    "is_active": true, 
    "email": "andressauca@unicauca.edu.co", 
    "id": 39
  }
]