[
  {
    "username": "ecommerce_worker", 
    "first_name": "", 
    "last_name": "", 
    "courses": [], 
    "active": true, 
    "email": "ecommerce_worker@fake.email"
  }, 
  {
    "username": "login_service_user", 
    "first_name": "", 
    "last_name": "", 
    "courses": [], 
    "active": true, 
    "email": "login_service_user@fake.email"
  }, 
  {
    "username": "enterprise_worker", 
    "first_name": "", 
    "last_name": "", 
    "courses": [], 
    "active": true, 
    "email": "enterprise_worker@example.com"
  }, 
  {
    "username": "veda_service_user", 
    "first_name": "", 
    "last_name": "", 
    "courses": [], 
    "active": true, 
    "email": "veda_service_user@example.com"
  }, 
  {
    "username": "discovery_worker", 
    "first_name": "", 
    "last_name": "", 
    "courses": [], 
    "active": true, 
    "email": "discovery_worker@example.com"
  }, 
  {
    "username": "insights_worker", 
    "first_name": "", 
    "last_name": "", 
    "courses": [], 
    "active": true, 
    "email": "insights_worker@example.com"
  }, 
  {
    "username": "credentials_worker", 
    "first_name": "", 
    "last_name": "", 
    "courses": [], 
    "active": true, 
    "email": "credentials_worker@example.com"
  }, 
  {
    "username": "honor", 
    "first_name": "", 
    "last_name": "", 
    "courses": [
      "course-v1:edX+DemoX+Demo_Course"
    ], 
    "active": true, 
    "email": "honor@example.com"
  }, 
  {
    "username": "audit", 
    "first_name": "", 
    "last_name": "", 
    "courses": [
      "course-v1:edX+DemoX+Demo_Course"
    ], 
    "active": true, 
    "email": "audit@example.com"
  }, 
  {
    "username": "verified", 
    "first_name": "", 
    "last_name": "", 
    "courses": [
      "course-v1:edX+DemoX+Demo_Course"
    ], 
    "active": true, 
    "email": "verified@example.com"
  }, 
  {
    "username": "staff", 
    "first_name": "", 
    "last_name": "", 
    "courses": [
      "course-v1:edX+DemoX+Demo_Course"
    ], 
    "active": true, 
    "email": "staff@example.com"
  }, 
  {
    "username": "Daniel_Jaramillo", 
    "first_name": "", 
    "last_name": "", 
    "courses": [
      "course-v1:edX+DemoX+Demo_Course"
    ], 
    "active": true, 
    "email": "danieljm1085@gmail.com"
  }, 
  {
    "username": "juan", 
    "first_name": "", 
    "last_name": "", 
    "courses": [
      "course-v1:UniversidadDelCauca+ENGL001+2025_T2"
    ], 
    "active": true, 
    "email": "juanibarra@unicauca.edu.co"
  }, 
  {
    "username": "est2", 
    "first_name": "", 
    "last_name": "", 
    "courses": [
      "course-v1:UniversidadDelCauca+ENGL001+2025Q1", 
      "course-v1:UniversidadDelCauca+ENGL001+2025_T2"
    ], 
    "active": true, 
    "email": "est2@unicauca.edu.co"
  }, 
  {
    "username": "est3", 
    "first_name": "", 
    "last_name": "", 
    "courses": [
      "course-v1:UniversidadDelCauca+ENGL001+2025Q1", 
      "course-v1:UniversidadDelCauca+ENGL001+2025_T2"
    ], 
    "active": true, 
    "email": "est3@unicauca.edu.co"
  }, 
  {
    "username": "est4", 
    "first_name": "", 
    "last_name": "", 
    "courses": [
      "course-v1:UniversidadDelCauca+ENGL001+2025Q1", 
      "course-v1:UniversidadDelCauca+ENGL001+2025_T2"
    ], 
    "active": true, 
    "email": "est4@unicauca.edu.co"
  }, 
  {
    "username": "est5", 
    "first_name": "", 
    "last_name": "", 
    "courses": [
      "course-v1:UniversidadDelCauca+ENGL001+2025Q1", 
      "course-v1:UniversidadDelCauca+ENGL001+2025_T2"
    ], 
    "active": true, 
    "email": "est5@unicauca.edu.co"
  }, 
  {
    "username": "est1", 
    "first_name": "", 
    "last_name": "", 
    "courses": [
      "course-v1:UniversidadDelCauca+ENGL001+2025Q1", 
      "course-v1:UniversidadDelCauca+ENGL001+2025_T2"
    ], 
    "active": true, 
    "email": "est1@unicauca.edu.co"
  }, 
  {
    "username": "laura", 
    "first_name": "Laura", 
    "last_name": "Sanchez", 
    "courses": [
      "course-v1:UniversidadDelCauca+ENGL001+2025_T2"
    ], 
    "active": true, 
    "email": "laura@unicauca.edu.co"
  }, 
  {
    "username": "andres", 
    "first_name": "Andres", 
    "last_name": "", 
    "courses": [
      "course-v1:UniversidadDelCauca+ENGL001+2025_T2"
    ], 
    "active": true, 
    "email": "andres@unicauca.edu.co"
  }, 
  {
    "username": "andressau", 
    "first_name": "", 
    "last_name": "", 
    "courses": [], 
    "active": true, 
    "email": ""
  }, 
  {
    "username": "andressauca", 
    "first_name": "Andres", 
    "last_name": "Sauca", 
    "courses": [
      "course-v1:UniversidadDelCauca+ENGL001+2025_T2"
    ], 
    "active": true, 
    "email": "andressauca@unicauca.edu.co"
  }
]