[
  {
    "user_id": 3, 
    "name": "", 
    "gender": null, 
    "year_of_birth": null, 
    "level_of_education": null, 
    "mailing_address": null, 
    "id": 1
  }, 
  {
    "user_id": 4, 
    "name": "", 
    "gender": null, 
    "year_of_birth": null, 
    "level_of_education": null, 
    "mailing_address": null, 
    "id": 2
  }, 
  {
    "user_id": 5, 
    "name": "", 
    "gender": null, 
    "year_of_birth": null, 
    "level_of_education": null, 
    "mailing_address": null, 
    "id": 3
  }, 
  {
    "user_id": 6, 
    "name": "", 
    "gender": null, 
    "year_of_birth": null, 
    "level_of_education": null, 
    "mailing_address": null, 
    "id": 4
  }, 
  {
    "user_id": 7, 
    "name": "", 
    "gender": null, 
    "year_of_birth": null, 
    "level_of_education": null, 
    "mailing_address": null, 
    "id": 5
  }, 
  {
    "user_id": 8, 
    "name": "", 
    "gender": null, 
    "year_of_birth": null, 
    "level_of_education": null, 
    "mailing_address": null, 
    "id": 6
  }, 
  {
    "user_id": 9, 
    "name": "", 
    "gender": null, 
    "year_of_birth": null, 
    "level_of_education": null, 
    "mailing_address": null, 
    "id": 7
  }, 
  {
    "user_id": 10, 
    "name": "", 
    "gender": null, 
    "year_of_birth": null, 
    "level_of_education": null, 
    "mailing_address": null, 
    "id": 8
  }, 
  {
    "user_id": 11, 
    "name": "", 
    "gender": null, 
    "year_of_birth": null, 
    "level_of_education": null, 
    "mailing_address": null, 
    "id": 9
  }, 
  {
    "user_id": 12, 
    "name": "danieljm1085", 
    "gender": null, 
    "year_of_birth": null, 
    "level_of_education": null, 
    "mailing_address": null, 
    "id": 10
  }, 
  {
    "user_id": 13, 
    "name": "", 
    "gender": null, 
    "year_of_birth": null, 
    "level_of_education": null, 
    "mailing_address": null, 
    "id": 11
  }, 
  {
    "user_id": 31, 
    "name": "est2", 
    "gender": null, 
    "year_of_birth": null, 
    "level_of_education": null, 
    "mailing_address": null, 
    "id": 14
  }, 
  {
    "user_id": 32, 
    "name": "est3", 
    "gender": null, 
    "year_of_birth": null, 
    "level_of_education": null, 
    "mailing_address": null, 
    "id": 15
  }, 
  {
    "user_id": 33, 
    "name": "est4", 
    "gender": null, 
    "year_of_birth": null, 
    "level_of_education": null, 
    "mailing_address": null, 
    "id": 16
  }, 
  {
    "user_id": 34, 
    "name": "est5", 
    "gender": null, 
    "year_of_birth": null, 
    "level_of_education": null, 
    "mailing_address": null, 
    "id": 17
  }, 
  {
    "user_id": 35, 
    "name": "", 
    "gender": null, 
    "year_of_birth": null, 
    "level_of_education": null, 
    "mailing_address": null, 
    "id": 21
  }, 
  {
    "user_id": 36, 
    "name": "Laura", 
    "gender": "f", 
    "year_of_birth": 2000, 
    "level_of_education": "hs", 
    "mailing_address": "3\r\n19cn\r\n15", 
    "id": 22
  }, 
  {
    "user_id": 38, 
    "name": "andres", 
    "gender": "f", 
    "year_of_birth": 2003, 
    "level_of_education": "b", 
    "mailing_address": "3\r\n19cn\r\n15", 
    "id": 23
  }
]