id,username,email,first_name,last_name,is_active
1,ecommerce_worker,ecommerce_worker@fake.email,,,True
2,login_service_user,login_service_user@fake.email,,,True
3,enterprise_worker,enterprise_worker@example.com,,,True
4,veda_service_user,veda_service_user@example.com,,,True
5,discovery_worker,discovery_worker@example.com,,,True
6,insights_worker,insights_worker@example.com,,,True
7,credentials_worker,credentials_worker@example.com,,,True
8,honor,honor@example.com,,,True
9,audit,audit@example.com,,,True
10,verified,verified@example.com,,,True
11,staff,staff@example.com,,,True
12,Daniel_Jaramillo,danieljm1085@gmail.com,,,True
13,juan,juanibarra@unicauca.edu.co,,,True
31,est2,est2@unicauca.edu.co,,,True
32,est3,est3@unicauca.edu.co,,,True
33,est4,est4@unicauca.edu.co,,,True
34,est5,est5@unicauca.edu.co,,,True
35,est1,est1@unicauca.edu.co,,,True
36,laura,laura@unicauca.edu.co,Laura,Sanchez,True
37,andres,andres@unicauca.edu.co,Andres,,True
38,andressau,,,,True
39,andressauca,andressauca@unicauca.edu.co,Andres,Sauca,True
